{
  "results": [
    {
      "range": 190,
      "bases": [
        [
          4.3659116650570277E+6,
          2.9412730395240095E+6
        ],
        [
          4.4424631522373809E+6,
          2.7778288630983867E+6
        ]
      ]
    },
    {
      "range": 150,
      "bases": [
        [
          4.4310616171698738E+6,
          2.9616847616226743E+6
        ],
        [
          4.5310190700824084E+6,
          2.8898965810832311E+6
        ],
        [
          4.4671878705976391E+6,
          2.7756261121079409E+6
        ],
        [
          4.34281078260066E+6,
          2.8160902993909358E+6
        ],
        [
          4.317905806568102E+6,
          2.96549106005521E+6
        ]
      ]
    }
  ],
  "pickup": [
    [
      4.4160618504433166E+6,
      3.0154898459598967E+6
    ],
    [
      4.3380784937098725E+6,
      2.7164744104813603E+6
    ],
    [
      4.5567748406789657E+6,
      2.8400738376271934E+6
    ],
    [
      4.4719732998103369E+6,
      2.7522823532180879E+6
    ],
    [
      4.2903019555003466E+6,
      2.9871663445540466E+6
    ],
    [
      4.357600821601823E+6,
      2.8582772427306813E+6
    ],
    [
      4.408388701862826E+6,
      2.8647122076563477E+6
    ],
    [
      4.4693166932177665E+6,
      2.9009889903101008E+6
    ],
    [
      4.4760067569661895E+6,
      2.8793849512910075E+6
    ],
    [
      4.43641859627533E+6,
      2.777793362341397E+6
    ],
    [
      4.3309890589918662E+6,
      2.9590375127098914E+6
    ],
    [
      4.3659116650570277E+6,
      2.9412730395240095E+6
    ],
    [
      4.4955706702520512E+6,
      2.817395962347243E+6
    ],
    [
      4.3430103547608936E+6,
      2.7589442280108295E+6
    ],
    [
      4.3481998565291E+6,
      2.7916232792078936E+6
    ],
    [
      4.4982589327155575E+6,
      2.7513480501883789E+6
    ],
    [
      4.486146749356796E+6,
      2.7747655240403833E+6
    ],
    [
      4.4435561808157125E+6,
      3.0250500489882603E+6
    ],
    [
      4.4490710060478505E+6,
      3.0107877596446271E+6
    ],
    [
      4.3371206212667115E+6,
      2.9924884586907974E+6
    ],
    [
      4.4310616171698738E+6,
      2.9616847616226743E+6
    ],
    [
      4.5564385347630121E+6,
      2.8822941584993517E+6
    ],
    [
      4.3847670039705625E+6,
      2.7708184271948044E+6
    ],
    [
      4.3820466598184723E+6,
      2.7967760933242729E+6
    ],
    [
      4.3883385449119424E+6,
      2.7461362449836293E+6
    ],
    [
      4.469151599819866E+6,
      2.9898010438104612E+6
    ],
    [
      4.5046025916835172E+6,
      2.83743840322388E+6
    ],
    [
      4.4592108435469558E+6,
      2.8695974189910148E+6
    ],
    [
      4.4424631522373809E+6,
      2.7778288630983867E+6
    ],
    [
      4.3991205308142193E+6,
      2.9031366980163911E+6
    ],
    [
      4.4316592283770423E+6,
      2.8568842690401883E+6
    ],
    [
      4.437358043883766E+6,
      2.7393747970407177E+6
    ],
    [
      4.357888711506865E+6,
      2.9921264919728087E+6
    ],
    [
      4.4137300210507615E+6,
      2.9349728657109188E+6
    ],
    [
      4.4206909425410815E+6,
      2.7669465204881467E+6
    ],
    [
      4.4016146585922716E+6,
      2.9290270291533326E+6
    ],
    [
      4.3269506936235111E+6,
      3.0086078418554738E+6
    ],
    [
      4.3355374354020553E+6,
      2.91829066862738E+6
    ],
    [
      4.5814551090850187E+6,
      2.8609349241407262E+6
    ],
    [
      4.2609101431247927E+6,
      2.96691174471826E+6
    ],
    [
      4.4067397391470978E+6,
      2.7477085629033488E+6
    ],
    [
      4.5365551193965515E+6,
      2.7392187041232851E+6
    ],
    [
      4.3985040579781765E+6,
      2.9272509163589594E+6
    ],
    [
      4.376545482934488E+6,
      2.8459252710351222E+6
    ],
    [
      4.4127748154031793E+6,
      2.9173543349417094E+6
    ],
    [
      4.4747710275246333E+6,
      2.9137233181968736E+6
    ],
    [
      4.4278142017140044E+6,
      2.7563921587941167E+6
    ],
    [
      4.4333229461599691E+6,
      2.78362080313459E+6
    ],
    [
      4.5310190700824084E+6,
      2.8898965810832311E+6
    ],
    [
      4.3945546809155038E+6,
      2.9139079577827924E+6
    ],
    [
      4.3326786224156059E+6,
      2.7998050948770014E+6
    ],
    [
      4.4330643935944019E+6,
      2.7846405176271484E+6
    ],
    [
      4.4318345509916293E+6,
      2.8238827662434424E+6
    ],
    [
      4.5147537012713617E+6,
      2.90489855355442E+6
    ],
    [
      4.41432724252779E+6,
      2.8295724002374248E+6
    ]
  ],