{
    "bases": [
        {
            "Base": "1",
            "EPSG3035_X": 4752679.178693091,
            "EPSG3035_Y": 1632731.4603488913
        }
    ]
  }